{
    "variables": {
        "disk_size": "20480",
        "disk_format": "ovf",
        "ssh_username": "kivy",
        "ssh_password": "kivy",
        "hostname": "kivyvm"
    },
    "description": "Build a Xubuntu Virtual Machine",
    "builders": [{
        "type": "virtualbox-iso",
        "name": "kivy-buildozer-vm",
        "http_directory": "http",
        "iso_checksum": "6131e2cc90cf30407af18f3f1af16c54bf58ffc8",
        "iso_checksum_type": "sha1",
        "iso_url": "http://archive.ubuntu.com/ubuntu/dists/zesty/main/installer-amd64/current/images/netboot/mini.iso",
        "ssh_username": "{{user `ssh_username`}}",
        "ssh_password": "{{user `ssh_password`}}",
        "boot_wait": "3s",
        "boot_command": [
            "<esc><wait>",
            "/linux noapic preseed/url=http://{{.HTTPIP}}:{{.HTTPPort}}/preseed.cfg ",
            "hostname={{user `hostname`}} ",
            "debian-installer=en_US auto locale=en_US kbd-chooser/method=us ",
            "fb=false ",
            "keyboard-configuration/modelcode=SKIP keyboard-configuration/layout=USA ",
            "keyboard-configuration/variant=USA console-setup/ask_detect=false ",
            "initrd=/initrd.gz -- <enter>"
        ],
        "disk_size": "{{user `disk_size`}}",
        "format": "{{user `disk_format`}}",
        "headless": false,
        "shutdown_command": "echo {{user `ssh_password`}} | sudo -S shutdown -P now",
        "vm_name": "Kivy/Buildozer VM",
        "guest_os_type": "Ubuntu_64",
        "guest_additions_mode": "attach",
        "ssh_wait_timeout": "120m"
    }],
    "provisioners": [{
        "type": "shell",
        "execute_command": "echo {{user `ssh_password`}} | {{ .Vars }} sudo -E -S sh '{{ .Path }}'",
        "scripts": [
            "scripts/install-virtualbox-guest-additions.sh",
            "scripts/setup.sh",
            "scripts/additional-packages.sh",
            "scripts/minimize.sh"
        ]
    }],
    "post-processors": []
}
